{"cameraMode":{"drawMode":0,"name":"Shaded","section":"Shading Mode"},"sceneLighting":false,"audioPlay":false,"sceneViewState":{"showFog":true,"showMaterialUpdate":false,"showSkybox":true,"showFlares":true,"showImageEffects":true,"showParticleSystems":true},"in2DMode":false,"pivot":{"x":-12.50689697265625,"y":10.923246383666993,"z":-20.572031021118165},"rotation":{"x":-0.22305965423583985,"y":-0.7728181481361389,"z":0.4636133909225464,"w":-0.37199705839157107},"size":10.559722900390625,"orthographic":false}