{"cameraMode":{"drawMode":0,"name":"Shaded","section":"Shading Mode"},"sceneLighting":true,"audioPlay":false,"sceneViewState":{"showFog":true,"showMaterialUpdate":true,"showSkybox":true,"showFlares":true,"showImageEffects":true,"showParticleSystems":true},"in2DMode":false,"pivot":{"x":-0.07097434997558594,"y":0.31631356477737429,"z":-0.01172184944152832},"rotation":{"x":-0.41582542657852175,"y":0.347162127494812,"z":-0.17562976479530335,"w":-0.8220664262771606},"size":0.3788653016090393,"orthographic":false}